run	num_turns	total_cost_usd	permission_denials
nm_r1	4	0.15084319999999998	2
nm_r2	4	0.17989720000000003	2
nm_r3	4	0.17306660000000001	2
nm2_r1	1	0.1781444	0
nm2_r2	1	0.18120440000000002	0
nm2_r3	1	0.1817644	0
nm3_r1	4	0.1513818	1
nm3_r2	4	0.1523552	1
nm3_r3	4	0.1540258	1
p1_r1	4	0.1828338	3
p1_r2	4	0.1661108	3
p1_r3	4	0.18131679999999997	1
p2_r1	4	0.181035	1
p2_r2	4	0.1894386	2
p2_r3	4	0.1718724	2
p3_r1	4	0.1661832	1
p3_r2	4	0.1681546	1
p3_r3	4	0.16795160000000003	1
e2e-3239	35	0.6736772000000002	7
